Location,Most Important Feature
ACHENKOIL AT CHENNITHULA,FECAL COLIFORM
"ACHENKOIL AT CHENNITHULA, KERALA",FECAL COLIFORM
"ACHENKOIL AT KALLARAKADAVU, PATHANAMTHITTA",FECAL COLIFORM
"ACHENKOIL AT PANDALAM (NEAR AYYAPPA TEMPLE), PATHANAMTHITTA",FECAL COLIFORM
"ACHENKOIL AT PANDALAM (NEAR AYYAPPA TEMPLE),PATHANAMTHITTA",FECAL COLIFORM
ACHENKOIL AT THUMPAMON,FECAL COLIFORM
"ACHENKOIL AT THUMPAMON, KERALA",FECAL COLIFORM
AMARAVILA,FECAL COLIFORM
"AMARAVILA, KERALA",FECAL COLIFORM
"AMBA AT D/S OF WAKEN BDG U/S OF JS PETROCHEMICALS, WAKENPHATA, ROHA",FECAL COLIFORM
"AMBA AT D/S OF WAKEN BRIDGENANU/S OF JS PETROCHEMICALS, WAKENPHATA, ROHA",CONDUCTIVITY
"AMBA RIVER AT D/S OF WAKEN BRIDGENANU/S OF JS PETRO CHEMICALS, WAKENPHATA, ROHA",CONDUCTIVITY
"AMBA RIVER AT D/S OF WAKEN BRIDGENANU/S OF JS PETROCHEMICALS, WAKENPHATA, ROHA",CONDUCTIVITY
AMBIKA AT BILIMORA,CONDUCTIVITY
"AMBIKA AT BILIMORA, ",CONDUCTIVITY
"AMBIKA AT BILIMORA, GUJARAT",FECAL COLIFORM
"AMLAKHADI AFTER CONFL. OF W. WATER FROM ANKLESH,",CONDUCTIVITY
"AMLAKHADI AFTER CONFL. OF W. WATER FROM ANKLESH,GUJARAT",CONDUCTIVITY
AMLAKHADI AFTER CONFL. OF W. WATER FROM ANKLESHWAR,FECAL COLIFORM
AMLAKHADI AT ANKLESHWAR,CONDUCTIVITY
AMLAKHADI AT PUNGAM ANKLESHWAR DISTT BHARUCH,FECAL COLIFORM
ANCHARAKANDY AT MERUVAMBA,CONDUCTIVITY
ARASALAR RIVER KARAIKAL REGION,CONDUCTIVITY
"ARASALAR RIVER KARAIKAL REGION, PONDICHERRY",CONDUCTIVITY
ASSONORA AT ASSONORA,CONDUCTIVITY
AYUR,FECAL COLIFORM
"AYUR, KERALA",FECAL COLIFORM
BALEHWAR KHADI AT N.H. NO 8,CONDUCTIVITY
BALEHWAR KHADI AT N.H. NO. 8,FECAL COLIFORM
"BANDI AT HEMAWAS DAM, PAL",CONDUCTIVITY
"BANJAR AT MALANJKHAND NR W/S INTAKE POINT, JABALPUR",CONDUCTIVITY
"BARAK RIVER AT N.H. 53, TAMENGLONG DISTT., MANIPUR",FECAL COLIFORM
BARAK RIVER AT SENAPATI ,CONDUCTIVITY
BARAK RIVER AT SENAPATI DISTT,CONDUCTIVITY
"BARAK RIVER NR NONEY VILL., TAMENGLONG",CONDUCTIVITY
"BHADAR D/S JETPUR VILL. AFTER CONF. OF W.WATER FROM JETPUR CITY,GUJARAT",CONDUCTIVITY
"BHADAR V/S JETPUR VILL. A/C OF W. WATER FROM JETPUR CITY, GUJARAT",CONDUCTIVITY
BHARATHAPUZHA AT KUTTIPPURAM,FECAL COLIFORM
"BHATSA AT D/S OF LIBERTY OIL MILLS, SATNEL, SHAHAPUR, THANE",FECAL COLIFORM
"BHATSA AT D/S OF LIBERTY OIL MILLS, SATNEL, SHAHAPUR,THANE",CONDUCTIVITY
BHATSA AT D/S OF PISE DAM NEAR PISE VILLAGE (ULHAS),CONDUCTIVITY
"BHATSA AT D/S OF PISE DAM NEAR PISE VILLAGE (ULHAS), MAHARASHTRA",CONDUCTIVITY
"BHATSA AT D/S OF PISE DAM NR PISE VILL (ULHAS), MAHARASHTRA",CONDUCTIVITY
"BHATSA AT U/S OF LIBERTY OIL MILLS, SATNEL, SHAHAPUR, THANE",CONDUCTIVITY
"BHATSA RIVER AT D/S OF LIBERTY OIL MILLS, SATNEL, SHAHAPUR, THANE",CONDUCTIVITY
"BHATSA RIVER AT U/S OF LIBERTY OIL MILLS, SATNEL, SHAHAPUR, THANE",CONDUCTIVITY
BHAVANI AT ELACHIVAZHY,FECAL COLIFORM
"BICHOLIM VARAZAN NAGAR, BICHOLIM",FECAL COLIFORM
BUDHABALANGA AT BALASORE D/S,FECAL COLIFORM
"BUDHABALANGA, D/S OF BARIPADA",FECAL COLIFORM
"BUDHABALANGA, D/S OF BARIPADA TOWN",FECAL COLIFORM
"BUGI AT DALU, SOUTH GARO HILLS",CONDUCTIVITY
"BUGI RIVER AT DALU, SOUTH GARO HILLS",CONDUCTIVITY
"BUGI RIVER AT MIBANPARA, SOUTH GARO HILLS",CONDUCTIVITY
CHAKPI AT CHAKPI KARONG ,CONDUCTIVITY
"CHAKPIAT CHAKPIKARONG, CHANDEL",CONDUCTIVITY
CHALAKUDY AT PULICKALKANANDAVU,FECAL COLIFORM
"CHALAKUDY AT PULICKALKANANDAVU, KERALA",FECAL COLIFORM
CHALIYAR AT CHUNGAPALLY,CONDUCTIVITY
"CHALIYAR AT CHUNGAPALLY, KERALA",CONDUCTIVITY
"CHALIYAR AT KALLAPALLY, KERALA",PH
CHALIYAR AT KOOLIMADU,FECAL COLIFORM
"CHALIYAR AT KOOLIMADU, KERALA",FECAL COLIFORM
"CHALIYAR AT NILAMBUR, MALAPPURAM",FECAL COLIFORM
CHANDRAGIRI AT PADIYATHADKA,FECAL COLIFORM
"CHANDRAGIRI AT PADIYATHADKA, KERALA",CONDUCTIVITY
"CHANDRAPUR, AGARTALA D/S OF HAORA RIVER",FECAL COLIFORM
"CHANDRAPUR, AGARTALA D/S OF HAORA RIVER, TRIPURA",FECAL COLIFORM
CHITRAPUZHA AT IRUMPANAM,CONDUCTIVITY
"CHITRAPUZHA AT IRUMPANAM, KERALA",CONDUCTIVITY
CHITTHRAPUZHA AT IRUMPANAM,FECAL COLIFORM
CORAPUZHA AT KANAYANKODE,CONDUCTIVITY
CORINGA RIVER,CONDUCTIVITY
"D/S CHHATBIR, PUNJAB",FECAL COLIFORM
"D/S DHAKANSU NALLAH, PUNJAB",FECAL COLIFORM
"D/S JHARMAL NADI, PUNJAB",FECAL COLIFORM
"D/S OF KARAKAVAGU AT PALONCHA,  KHAMMAM",CONDUCTIVITY
"D/S OF KARAKAVAGU AT PALONCHA,  KHAMMAM, A.P.",CONDUCTIVITY
"D/S SARDULGARH, PUNJAB",FECAL COLIFORM
"DAMANGANGA  AFTER CONFL. OF PIPARIA DRAIN, DAMAN",FECAL COLIFORM
"DAMANGANGA AT CIRCUIT HOUSE, SILVASA, DADRA AND NAGAR HAVELI",FECAL COLIFORM
"DAMANGANGA AT D/S OF M/S SURAT BEVERAGES, VILLAGE DADRA, SILVASSA",CONDUCTIVITY
DAMANGANGA AT D/S OF MADHUBAN,CONDUCTIVITY
"DAMANGANGA AT D/S OF MADHUBAN, DAMAN",CONDUCTIVITY
"DAMANGANGA AT DAMAN JETTY, MOTI DAMAN",CONDUCTIVITY
DAMANGANGA AT DISCHARG POINT DISTILLARY,CONDUCTIVITY
DAMANGANGA AT DISCHARGE POINT OF DISTILLERY,CONDUCTIVITY
DAMANGANGA AT KACHIGAON D\S (DAMAN),CONDUCTIVITY
"DAMANGANGA AT KACHIGAON D\S (DAMAN), GUJARAT",CONDUCTIVITY
"DAMANGANGA AT KACHIGAON D\S (DAMAN),GUJARAT",CONDUCTIVITY
DAMANGANGA AT KACHIGAON U\S AT GIDC WIER,CONDUCTIVITY
"DAMANGANGA AT KACHIGAON U\S AT GIDC WIER,GUJARAT",CONDUCTIVITY
"DAMANGANGA AT LAVACHA TEMPLE, DADRA",CONDUCTIVITY
"DAMANGANGA AT LAVACHA TEMPLE, SILVASSA",CONDUCTIVITY
"DAMANGANGA AT NAROLI BRIDGE, SILVASSA",CONDUCTIVITY
"DAMANGANGA AT VAPI WEIR, VAPI",CONDUCTIVITY
"DAMANGANGA AT VAPI WEIR,VAPI",CONDUCTIVITY
"DAMANGANGA AT VILLAGE NAMDHA, VAPI",CONDUCTIVITY
"DAMANGANGA AT ZARI CAUSE WAY BRIDGE, DAMAN ",CONDUCTIVITY
DAMANGANGA AT ZUARI CAUSE WAY BRIDGE,CONDUCTIVITY
"DAMANGANGA at D/s of M/s Surat Beverages, Dadra",CONDUCTIVITY
"DAMRING RIVER (KRISHNEI RIVER) AT RESUBELPARA, EAST GARO HILLS",CONDUCTIVITY
DHADAR AT KOTHADA,CONDUCTIVITY
"DOWNSTREAM OF RIVER VISHWAMITRI AT KHALIPUR VILLAGE, BEFORE MEETING JAMBUVA RIVER",CONDUCTIVITY
ETHAI BARRAGE ON MANIPUR R AT BISHNUPUR,CONDUCTIVITY
"GAGGAR  ENTERING IN  FROM HARYANA NR RD NO. 629, ",CONDUCTIVITY
"GAGGAR D/S HANUMANGARH NEAR 2 KNJ NAI ABADI, MAKKASR, ",CONDUCTIVITY
"GAGGAR RIVER D/S HANUMANGARH NEAR 2 KNJ NAI ABADI, MAKKASR",CONDUCTIVITY
"GAGGAR RIVER D/S HANUMANGARH NEAR 2 KNJ NAI ABADI, MAKKASR, RAJASTHAN",CONDUCTIVITY
GAGGAR RIVER WHEN ENTERING IN RAJASTHAN FROM HARYANA NEAR RD NO. 629,CONDUCTIVITY
"GAGGAR RIVER WHEN ENTERING IN RAJASTHAN FROM HARYANA NEAR RD NO. 629, RAJASTHAN",CONDUCTIVITY
GANOL RIVER TURA,FECAL COLIFORM
"GANOL RIVER TURA, MEGHALAYA",FECAL COLIFORM
GAUTAMINANGODAVARI RIVER,CONDUCTIVITY
GHAGGAR AT 100M D/S CONF. WITH R. SARASWATI (PATIALA),FECAL COLIFORM
"GHAGGAR AT 100M D/S CONF. WITH R. SARASWATI (PATIALA), PUNJAB",FECAL COLIFORM
"GHAGGAR AT 100M D/S CONF. WITH R. SARASWATI (PATIALA),PUNJAB",FECAL COLIFORM
GHAGGAR AT D/S CHHATBIR,FECAL COLIFORM
"GHAGGAR AT D/S CHHATBIR, PUNJAB",FECAL COLIFORM
GHAGGAR AT D/S DHAKANSU NALLAH,FECAL COLIFORM
"GHAGGAR AT D/S DHAKANSU NALLAH, PUNJAB",FECAL COLIFORM
GHAGGAR AT D/S JHARMAL NADI,FECAL COLIFORM
"GHAGGAR AT D/S JHARMAL NADI, PUNJAB",FECAL COLIFORM
GHAGGAR AT D/S OF SURAJPUR,CONDUCTIVITY
GHAGGAR AT D/S SARDULGARH,FECAL COLIFORM
"GHAGGAR AT D/S SARDULGARH, PUNJAB",FECAL COLIFORM
GHAGGAR AT MOONAK,FECAL COLIFORM
"GHAGGAR AT MOONAK, PUNJAB",FECAL COLIFORM
GHAGGAR AT MUBARAKPUR REST HOUSE (PATIALA),FECAL COLIFORM
"GHAGGAR AT MUBARAKPUR REST HOUSE (PATIALA), PUNJAB",FECAL COLIFORM
"GHAGGAR AT RATANHERI, D/S OF PATIALA NADI (A/C), PUNJAB",FECAL COLIFORM
"GHAGGAR AT RATANHERI, D/S OF PATIALA NADI (AFTER CONFL.)",FECAL COLIFORM
"GHAGGAR AT RATANHERI, D/S OF PATIALA NADI (AFTER CONFL.), PUNJAB",FECAL COLIFORM
GHAGGAR AT U/S DHAKANSU NALLAH,FECAL COLIFORM
"GHAGGAR AT U/S DHAKANSU NALLAH, PUNJAB",FECAL COLIFORM
GHAGGAR AT U/S JHARMAL NADI,FECAL COLIFORM
"GHAGGAR AT U/S JHARMAL NADI, PUNJAB",FECAL COLIFORM
GHAGGAR AT U/S SARDULGARH,FECAL COLIFORM
"GHAGGAR AT U/S SARDULGARH, PUNJAB",FECAL COLIFORM
GHAGGAR BEFORE OTTU WEIR (BEFORE MIXING OF SATLUJ CANAL ,CONDUCTIVITY
GHAGGAR BEFORE OTTU WEIR (BEFORE MIXING OF SATLUJ CANAL WATER) (HARYANA),CONDUCTIVITY
"GHAGGAR GHNAN1 AT ROAD BRDG. SIRSA,DEBWALI ROAD",CONDUCTIVITY
"GHAGGAR GHNAN1 AT ROAD BRDG. SIRSA,DEBWALI ROAD, HARYANA",CONDUCTIVITY
"GHAGGAR GHNAN1 AT ROAD BRDG. SIRSA,DEBWALI ROAD,HARYANA",CONDUCTIVITY
GHAGGAR GHNAN2 AT CHANDARPUR ,CONDUCTIVITY
"GHAGGAR GHNAN2 AT CHANDARPUR SYPHON,",CONDUCTIVITY
"GHAGGAR GHNAN2 AT CHANDARPUR SYPHON,  HARYANA",CONDUCTIVITY
"GHAGGAR NEAR BANKARPUR,DERA BASSI",FECAL COLIFORM
"GHAGGAR NEAR BANKARPUR,DERA BASSI,PUNJAB",FECAL COLIFORM
"GHAGGER AT MOONAK, PUNJAB",FECAL COLIFORM
GUMTI AT D/S SOUTH TRIPURA,FECAL COLIFORM
"GUMTI AT D/S SOUTH TRIPURA, TRIPURA",FECAL COLIFORM
GUMTI AT U/S SOUTH TRIPURA,FECAL COLIFORM
"GUMTI AT U/S SOUTH TRIPURA, TRIPURA",FECAL COLIFORM
"GUMTI AT U/S SOUTH TRIPURA,TRIPURA",FECAL COLIFORM
GUNUPUR (INTERSTATE BOUNDRY),FECAL COLIFORM
"HEIRANGOITHONG, MANIPUR",CONDUCTIVITY
HOSDURG,CONDUCTIVITY
"HOSDURG, KERALA",CONDUCTIVITY
"HUMP BRIDGE, MANIPUR",CONDUCTIVITY
"IMPHAL AT KANGLA MOAT, IMPHAL ",CONDUCTIVITY
"IMPHAL AT KANGLA MOAT, IMPHAL WEST",CONDUCTIVITY
"IMPHAL AT KIYAMGI, MANIPUR",CONDUCTIVITY
IMPHAL AT KOIRENGEI,FECAL COLIFORM
"IMPHAL AT KOIRENGEI, MANIPUR",CONDUCTIVITY
IMPHAL AT KYAMGEI,CONDUCTIVITY
IMPHAL AT MAHABALI,FECAL COLIFORM
"IMPHAL AT MAHABALI, MANIPUR",CONDUCTIVITY
IMPHAL AT MINUTHONG,CONDUCTIVITY
"IMPHAL AT SAMUROU, IMPHAL WEST",CONDUCTIVITY
"IMPHAL AT SEKMAI, IMPHAL EAST",FECAL COLIFORM
IRANG RIVER AT TAMENGLONG,CONDUCTIVITY
IRANG RIVER AT TAMENGLONG ,CONDUCTIVITY
"IRIL AT KANGLA SIPHAI, IMPHAL EAST",CONDUCTIVITY
IRIL AT LILONG,CONDUCTIVITY
"IRIL AT LILONG, MANIPUR",CONDUCTIVITY
IRIL AT PORAMPET,CONDUCTIVITY
"IRIL AT PORAMPET, MANIPUR",CONDUCTIVITY
"IRIL RIVER AT KANGLA SIPHAI, IMPHAL EAST, MANIPUR",CONDUCTIVITY
IRIL RIVER AT LILONG (THOUBAL ),CONDUCTIVITY
"IRIL RIVER AT LILONG, UKHRUL",CONDUCTIVITY
IRUMPANAM,FECAL COLIFORM
"IRUMPANAM, KERALA",CONDUCTIVITY
"IRUPANAM, KERALA",PH
"ITHIKKARA AT AYUR, KERALA",FECAL COLIFORM
"JAWAI AT JAWAI DAM, SIROHI",CONDUCTIVITY
"JIRI RIVER AT JIRI, IMPHAL EAST",CONDUCTIVITY
"JIRI RIVER AT JIRIMUKH JIRIBAM, IMPHAL EAST",CONDUCTIVITY
KABBANI AT MUTHANKARA,FECAL COLIFORM
KADALUNDY AT THIRURANGADY,FECAL COLIFORM
KADAMBAYAR AT BRAHMAPURAM,FECAL COLIFORM
KADAMBAYAR AT MANCKAKADAVU,FECAL COLIFORM
"KAKKADAVU,  KERALA",FECAL COLIFORM
KALA AMB D/S MARKANDA RIVER,CONDUCTIVITY
KALI AT D/S WEST COAST PAPER MILL,CONDUCTIVITY
"KALI AT D/S WEST COAST PAPER MILL, KARNATAKA",CONDUCTIVITY
"KALI AT U/S OF WCPM, DANDELI",FECAL COLIFORM
"KALI AT U/S OF WCPM, DANDELI, KARNATAKA",FECAL COLIFORM
"KALLADA AT PANATHOTTUM KADAVU, PUNALOOR, KERALA",PH
"KALLADA AT PERUMTHOTTA MKADAVU, PUNALOOR",FECAL COLIFORM
"KALLADA AT PERUMTHOTTAM KADAVU, PUNALOOR",FECAL COLIFORM
"KALLADA AT PERUMTHOTTAM KADAVU, PUNALOOR, KERALA",FECAL COLIFORM
"KALLADA AT PERUMTHOTTAMKADAVU, PUNALOOR, KERALA",FECAL COLIFORM
KALNA AT CHANDELNAN PERNEM,FECAL COLIFORM
"KALPATHI PUZHA AT KALPATHI, PALAKKAD",CONDUCTIVITY
KALU AT ATALE VILLAGE,CONDUCTIVITY
"KALU AT ATALE VILLAGE, MAHARASHTRA",CONDUCTIVITY
"KAN NEAR SAKRI WATER WORKS, SAKRI, DHULE",CONDUCTIVITY
"KAN RIVER NEAR SAKRI WATER WORKS, SAKRI, DHULE",CONDUCTIVITY
"KAN RIVER, NEAR SAKRI WATER WORKS, SAKRI, DHULE.",CONDUCTIVITY
KARAMANA AT MOONNATTUMUKKU,FECAL COLIFORM
"KARAMANA AT MOONNATTUMUKKU, KERALA",FECAL COLIFORM
KARAPUZHA DAM AT WAYANAD,CONDUCTIVITY
KARINGODE AT KAKKADAVU,FECAL COLIFORM
"KARMANA AT MOONNATHNANMUKKU, KERALA",PH
KAVERI ON BRIDGE AT BILLIMORANANVALSAD ROAD,CONDUCTIVITY
KEECHERI AT VADAKKANCHERY BDG,CONDUCTIVITY
"KHANDEPAR AT CODLI NR BDG, U/S OPA WATERWORKS,SANGUEM",FECAL COLIFORM
"KHANDEPAR AT CODLI NR BDG,U/S OPA WATERWORKS, SANGUEM",CONDUCTIVITY
KHANDEPAR AT OPA NAN PONDA,FECAL COLIFORM
"KHARKHLA NEAR SUTNGA KHLIERIAT,JAINTIA HILLS DT.,MEGHALAYA",CONDUCTIVITY
"KHUGA DAM ON KHUGA R, CHURACHANDPUR",CONDUCTIVITY
"KHUGA DAM ON KHUGA RIVER, CHURACHANDPUR, MANIPUR",CONDUCTIVITY
KHUGA RIVER (CHURACHANDPUR DIST.),CONDUCTIVITY
KHUGA RIVER (CHURACHANDPUR DIST.) MANIPUR,CONDUCTIVITY
KHUGA RIVER (CHURACHANDPUR),CONDUCTIVITY
"KHUJAIROK RIVER, MOREH (CHANDEL DIST.)",CONDUCTIVITY
"KHUJAIROK RIVER, MOREH (CHANDEL DIST.) MANIPUR",CONDUCTIVITY
"KHUJAIROK, MOREH (CHANDEL DIST.)",CONDUCTIVITY
"KHUJAIROK, MOREH (CHANDEL)",CONDUCTIVITY
"KIYAMGI, MANIPUR",CONDUCTIVITY
"KODRA DAM, MOUNT ABU",CONDUCTIVITY
"KODRA DAM, MOUNT ABU, ",CONDUCTIVITY
"KODRA DAM, MOUNT ABU, RAJASTHAN",CONDUCTIVITY
KOLAK AT PATALIA BDG,CONDUCTIVITY
KOLAK AT PATALIA BDG.,CONDUCTIVITY
"KOLAK AT PATALIA BDG., GUJARAT",CONDUCTIVITY
"KOLAK AT RAILWAY BRIDGE NO. 313 VAPI,VALSAD",CONDUCTIVITY
"KOLAK AT RAILWAY BRIDGE NO. 313 VAPI,VALSAD, GUJARAT",CONDUCTIVITY
KUMARADHARA NAN U/S OF UPPINAGADY TOWN B/C WITH RIVER NETHRAVATHI,CONDUCTIVITY
KUMARADHARA NAN U/S OF UPPINAGADY TOWN BEFORE CONFLUENCE WITH RIVER NETHRAVATHI,CONDUCTIVITY
"KUNDALIKA  AT DHATAV AT JACKWELL, DHATAV, ROHA, RAIGAD",FECAL COLIFORM
"KUNDALIKA AT DHATAV AT JACKWELL (DRINKING WATER  PUMPING STATIONNANSWEET ZONE), ROHA",CONDUCTIVITY
KUNDALIKA AT ROHA CITY,FECAL COLIFORM
"KUNDALIKA AT ROHA CITY, MAHARASHTRA",CONDUCTIVITY
"KUNDALIKA NEAR SALAV BDG (SALINA ZONE), SALAV, ROHA, RAIGAD",CONDUCTIVITY
KUNDALIKA RIVER AT ARE KHURD ( SALINE ZONE ),CONDUCTIVITY
"KUNDALIKA RIVER AT DHATAV AT JACKWELL (DRINKING WATER  PUMPING STATIONNANSWEET ZONE), ROHA",CONDUCTIVITY
"KUNDALIKA RIVER AT DHATAV AT JACKWELL, DHATAV, ROHA, RAIGAD",FECAL COLIFORM
"KUNDALIKA RIVER NEAR SALAV BRIDGE (SALINA ZONE), SALAV, ROHA, RAIGAD",CONDUCTIVITY
"KUSHAWATI NEAR BUND AT KEVONA,RIVON,SANGUEM",CONDUCTIVITY
KUTTIYADY ESTATE,FECAL COLIFORM
"KUTTIYADY ESTATE, KERALA",FECAL COLIFORM
"KYNSHI  AT NANGKHNUM, WEST KHASI HILLS",CONDUCTIVITY
"KYNSHI RIVER AT NANGKHNUM, WEST KHASI HILLS",CONDUCTIVITY
"KYNSHI RIVER AT RANIKOR, WEST KHASI HILLS",CONDUCTIVITY
"KYNSHI RIVER AT SOHIONG, WEST KHASI HILLS",CONDUCTIVITY
"KYRHUKHLA NEAR SUTNGA KHLIERIAT,JAINTIA HILLS DT.",CONDUCTIVITY
"KYRHUKHLA NEAR SUTNGA KHLIERIAT,JAINTIA HILLS DT., MEGHALAYA",CONDUCTIVITY
"KYRHUKHLA NEAR SUTNGA KHLIERIAT,JAINTIA HILLS DT.,MEGHALAYA",CONDUCTIVITY
"KYRHUKHLA NR SUTNGA KHLIERIAT,JAINTIA HILLS ",CONDUCTIVITY
"LILONG, MANIPUR",CONDUCTIVITY
LOKCHAO RIVER AT BISHNUPUR,CONDUCTIVITY
"LOKCHAO RIVER AT BISHNUPUR, MANIPUR",CONDUCTIVITY
LUKHA RIVER,CONDUCTIVITY
LUKHA RIVER AT MYNDIHATI (TRIBUTARY OF LUNAR),CONDUCTIVITY
LUKHA RIVER AT SUNAPUR (TRIBUTARY OF LUNAR),CONDUCTIVITY
MADAI AT DABOS NAN  VALPOI,CONDUCTIVITY
MAHA RIVER AT CHANDEL,CONDUCTIVITY
"MAHA RIVER AT CHANDEL, MANIPUR",CONDUCTIVITY
MAHE RIVER,CONDUCTIVITY
"MANDA RIVER (DUDHAI RIVER) AT JAMPA, EAST GARO HILLS",CONDUCTIVITY
"MANDA RIVER (DUDHAI RIVER) AT WAGAISI, EAST GARO HILLS",CONDUCTIVITY
MANDOVI AT AMONA BRIDGE,FECAL COLIFORM
MANDOVI AT NEGHBOURHOOD OF PANAJI,FECAL COLIFORM
"MANDOVI AT NEGHBOURHOOD OF PANAJI, GOA",CONDUCTIVITY
"MANDOVI AT TONCA, MARCELA",FECAL COLIFORM
"MANDOVI AT TONCA, MARCELA, GOA",FECAL COLIFORM
MANDOVI NEAR HOTEL MARRIOT,FECAL COLIFORM
MANIMALA  AT KALLOOPARA,FECAL COLIFORM
"MANIMALA  AT KALLOOPARA,",FECAL COLIFORM
"MANIMALA  AT KALLOOPARA, KERALA",FECAL COLIFORM
MANIMALA AT THONDRA,FECAL COLIFORM
"MANIMALA AT THONDRA, KERALA",FECAL COLIFORM
"MANIPUR AT SEKMAIJAN, THOUBAL",CONDUCTIVITY
MANIPUR RIVER AT ETHAI BARRAGE ON MANIPUR RIVER AT BISHNUPUR,CONDUCTIVITY
"MANIPUR RIVER AT SEKMAIJAN, DISTT. THOUBAL, MANIPUR",CONDUCTIVITY
MANIPUR RIVER AT THOUBAL,CONDUCTIVITY
"MANIYANKODE PUZHA AT MANIYANKODE BRIDGE, WAYANAD",FECAL COLIFORM
"MAPITHEL DAM ON THOUBAL, THOUBAL",CONDUCTIVITY
MAPUSA ON CULVERT ON HIGHWAY MAPUSANANPANAJI,CONDUCTIVITY
"MARKANDA AT PAONTA, DISTT. SIRMOUR, H.P.",CONDUCTIVITY
MARKANDA D/S KALA AMB/ BOUNDARY OF HARYANA,CONDUCTIVITY
MARKANDA U/S KALA AMB,CONDUCTIVITY
MEENACHIL AT KIDANGOOR,FECAL COLIFORM
"MEENACHIL AT KIDANGOOR, KERALA",FECAL COLIFORM
MINDHOLA AT STATE HIGHWAY BRIDGE SACHIN,FECAL COLIFORM
"MINDHOLA AT STATE HIGHWAY BRIDGE SACHIN, ",FECAL COLIFORM
"MINDHOLA AT STATE HIGHWAY BRIDGE SACHIN, GUJARAT",FECAL COLIFORM
"MINUTHONG(IMPHAL RIVER, MANIPUR",FECAL COLIFORM
MITHI RIVER,CONDUCTIVITY
"MUCHKUNDI AT WAKED NEAR M/S ASAHI INDIA GLASS LTD, WAKED, LANJA, RATNAGIRI",CONDUCTIVITY
"MUCHKUNDI RIVER AT  WAKED, NEAR M/S ASAHI INDIA GLASS LTD., LANJA, RATNAGIRI.",CONDUCTIVITY
"MUCHKUNDI RIVER AT  WAKED,RATNAGIRI, NEAR M/S ASAHI INDIA GLASS LTD., LANJA, RATNAGIRI.",CONDUCTIVITY
"MUCHKUNDI RIVER AT WAKED NEAR M/S ASAHI INDIA GLASS LTD, WAKED, LANJA, RATNAGIRI",CONDUCTIVITY
MUNIGUDA (D/S OF M/S VEDANTAALUMINA PROJECT),FECAL COLIFORM
MUVATTAPUZHA AT VETTIKKATTUMUKKU,FECAL COLIFORM
"MUVATTAPUZHA AT VETTIKKATTUMUKKU, KERALA",FECAL COLIFORM
"MYNTANG RIVER AT MYNSO, JAYANTIA HILLS",CONDUCTIVITY
"MYNTANG RIVER AT NARTIANG, JAYANTIA HILLS",CONDUCTIVITY
"MYNTDU RIVER AT LESHKA, JAYANTIA HILLS",CONDUCTIVITY
MYNTDU RIVER JOWAI,FECAL COLIFORM
"MYNTDU RIVER JOWAI, MEGHALAYA",FECAL COLIFORM
NAGAVALLI AT JAYKAYPUR D/S,FECAL COLIFORM
"NAGAVALLI AT JAYKAYPUR D/S, ",FECAL COLIFORM
"NAGAVALLI AT JAYKAYPUR D/S, ODISHA",FECAL COLIFORM
"NAGAVALLI AT JAYKAYPUR D/S, ORISSA",FECAL COLIFORM
"NAGAVALLI AT PENTA U/S, JAYKAYPUR TOWN",FECAL COLIFORM
NAGAVALLI AT RAYAGADA D/S,FECAL COLIFORM
"NAGAVALLI AT RAYAGADA D/S, ",FECAL COLIFORM
"NAGAVALLI AT RAYAGADA D/S, ODISHA",FECAL COLIFORM
"NAGAVALLI AT RAYAGADA D/S, ORISSA",FECAL COLIFORM
NAGAVALLI AT THOTAPALLI REGULATOR,CONDUCTIVITY
"NAGAVALLI AT THOTAPALLI REGULATOR, A.P.",FECAL COLIFORM
"NAGAVALLI AT THOTAPALLI REGULATOR, AP",PH
NAMBUL AT HEIRANGOITHONG,CONDUCTIVITY
"NAMBUL AT NAOREMTHONG, IMPHAL WEST",CONDUCTIVITY
"NAMBUL RIVER AT  BISHNUPUR, MANIPUR",CONDUCTIVITY
NAMBUL RIVER AT BISHNUPUR,CONDUCTIVITY
"NAMBUL RIVER AT HEIRANGOITHONG, MANIPUR",CONDUCTIVITY
NAMBUL RIVER AT HUMP BRIDGE,CONDUCTIVITY
"NAMBUL RIVER AT NAOREMTHONG, IMPHAL WEST, MANIPUR",FECAL COLIFORM
"NAMBUL RIVER AT SAMUSANG (U.K. ROAD), DISTT. IMPHAL WEST",CONDUCTIVITY
"NAMBUL RIVER AT SAMUSANG,IMPHAL WEST",CONDUCTIVITY
"NAMBUL RIVER AT SINGDA DAM, IMPHAL WEST, MANIPUR",CONDUCTIVITY
NAN,CONDUCTIVITY
NEELASWARAM AT NAMBIARKAL ,CONDUCTIVITY
NEELASWARAM AT NAMBIARKAL DAM,CONDUCTIVITY
NETRAVATHI U/S OF DHARMASTALA AT WATER SUPPLY INTAKE POINT,CONDUCTIVITY
NNANCHOE (ATTAWA CHOE),CONDUCTIVITY
"NNANCHOE (ATTAWA CHOE), CHANDIGARH",CONDUCTIVITY
"NONBAH RIVER AT NANGSTOIN MARKE, WEST KHASI HILLS",FECAL COLIFORM
PADIYATHADKA,FECAL COLIFORM
"PADIYATHADKA, KERALA",FECAL COLIFORM
PALAR AT VANIYAMBADI WATER SUPPLY HEAD WORK,CONDUCTIVITY
"PALAR AT VANIYAMBADI WATER SUPPLY HEAD WORK, TAMILNADU",CONDUCTIVITY
PALLICKAL AT NELLIMUKAL,FECAL COLIFORM
PAMBA AT CHENGANNUR,FECAL COLIFORM
"PAMBA AT CHENGANNUR, KERALA",FECAL COLIFORM
"PAMBA AT KALLOOPARA, KERALA",PH
PAMBA AT THAKAZHY,FECAL COLIFORM
"PAMBA AT THAKAZHY, KERALA",FECAL COLIFORM
PAMBA DOWN,FECAL COLIFORM
"PAMBA DOWN, KERALA",FECAL COLIFORM
"PATALGANGA AT D/S OF KHARPADA BDG, KHARPADA, KHALAPUR, RAIGAD",CONDUCTIVITY
"PATALGANGA AT GAGANGIRI MAHARAJ TEMPLE, KHOPOLI, RAIGAD.",FECAL COLIFORM
"PATALGANGA AT KHALAPUR PUMPING STATION, RAIGAD",CONDUCTIVITY
"PATALGANGA AT SAVROLI BDG, KHALAPUR. RAIGAD",FECAL COLIFORM
PATALGANGA AT SHILPHATA,FECAL COLIFORM
"PATALGANGA AT SHILPHATA, MAHARASHTRA",CONDUCTIVITY
"PATALGANGA AT VYAL PUMP HOUSE, VYAL, KHALAPUR, RAIGAD",FECAL COLIFORM
PATALGANGA NEAR INTAKE OF MIDC W/W,CONDUCTIVITY
"PATALGANGA NEAR INTAKE OF MIDC W/W, MAHARASHTRA",CONDUCTIVITY
"PATALGANGA RIVER AT D/S OF KHARPADA BRIDGE, KHARPADA, KHALAPUR, RAIGAD",CONDUCTIVITY
"PATALGANGA RIVER AT D/S OF KHARPADA BRIDGE, RAIGAD.",CONDUCTIVITY
"PATALGANGA RIVER AT GAGANGIRI MAHARAJ TEMPLE, KHOPOLI, KHALAPUR, RAIGAD",FECAL COLIFORM
"PATALGANGA RIVER AT GAGANGIRI MAHARAJ TEMPLE, KHOPOLI, RAIGAD.",CONDUCTIVITY
"PATALGANGA RIVER AT KHALAPUR PUMPING STATION, KHALAPUR, RAIGAD",CONDUCTIVITY
"PATALGANGA RIVER AT KHALAPUR PUMPING STATION, KHALAPUR, RAIGAD.",CONDUCTIVITY
"PATALGANGA RIVER AT SAVROLI BRIDGE, KHALAPUR, RAIGAD.",CONDUCTIVITY
"PATALGANGA RIVER AT SAVROLI BRIDGE, KHALAPUR. RAIGAD",CONDUCTIVITY
"PATALGANGA RIVER AT VYAL PUMP HOUSE , KHALAPUR, RAIGAD.",CONDUCTIVITY
"PATALGANGA RIVER AT VYAL PUMP HOUSE, VYAL, KHALAPUR, RAIGAD",CONDUCTIVITY
PATIALA KI RAO,CONDUCTIVITY
"PATIALA KI RAO, CHANDIGARH",CONDUCTIVITY
"PEHLAR DAM ON PEHLAR INLET OF WATER WORKS, VASAI, THANE.",CONDUCTIVITY
"PEHLAR DAM ON PEHLAR R. INLET OF WATER WORKS, VASAI, THANE.",CONDUCTIVITY
"PEHLAR DAM ON PEHLAR RIVER INLET OF WATER WORKS, VASAI, THANE.",CONDUCTIVITY
"PEHLAR DAM ON PEHLAR RIVERNANINLET OF WATER WORKS, VASAI, THANE",CONDUCTIVITY
"PENTA U/S, JAYKAYPUR TOWN",FECAL COLIFORM
"PERIYAR AT ALWAYE, KERALA",PH
PERIYAR AT KALADY,FECAL COLIFORM
"PERIYAR AT KALADY, KERALA",FECAL COLIFORM
"PERIYAR AT KWA INTAKENAN ALUVA, ERNAKULAM",FECAL COLIFORM
PERIYAR AT MUPPATHADAM,FECAL COLIFORM
PERIYAR AT SEWAGE DISCHARGE POINT,FECAL COLIFORM
"PERIYAR AT SEWAGE DISCHARGE POINT, KERALA",FECAL COLIFORM
PERIYAR NEAR ALWAYENANELOOR,CONDUCTIVITY
"PERIYAR NEAR ALWAYENANELOOR, KERALA",CONDUCTIVITY
PERUVAMBA AT CHANDAPPURA,FECAL COLIFORM
PURNA ON BRIDGE AT SURATNANNAVSARI HIGHWAY,FECAL COLIFORM
PUZHACKAL AT PUZHACKAL BRIDGE,FECAL COLIFORM
R ANCHARAKANDY AT MERUVAMBA,CONDUCTIVITY
R AYROOR AT AYROOR BRIDGE,FECAL COLIFORM
R BHARATHAPUZHA AT KUTTIPPURAM,FECAL COLIFORM
R BHARATHAPUZHA AT PATTAMBI,FECAL COLIFORM
R CORAPUZHA AT KANAYANKODE,CONDUCTIVITY
"R ITHIKKARA AT AYUR, KERALA",FECAL COLIFORM
R ITHIKKARA AT ITHIKKARA,CONDUCTIVITY
R KADALUNDI AT HAJIRAPPALLY,FECAL COLIFORM
R KADALUNDI AT THIRURANGADY,FECAL COLIFORM
"R KADALUNDI AT THIRURANGADY, KERALA",FECAL COLIFORM
R KADAMBAYAR AT BRAHMAPURAM,FECAL COLIFORM
R KADAMBAYAR AT MANCKAKADAVU,FECAL COLIFORM
R KALLAI AT KALLAI BRIDGE,CONDUCTIVITY
R KARINGODE AT KAKKADAVU,FECAL COLIFORM
"R KARINGODE AT KAKKADAVU,  KERALA",FECAL COLIFORM
R KARUVANNURR AT KARUVANNUR BDG.,FECAL COLIFORM
R KARUVANNURR AT KARUVANNUR BRIDGE,FECAL COLIFORM
R KAVVAI AT KUTTIYOL PALAM,FECAL COLIFORM
R KEECHERI AT VADAKKANCHERY BRIDGE,FECAL COLIFORM
R KORAYAR AT KANJIKODE,CONDUCTIVITY
R KUPPAM AT RAYAROM,FECAL COLIFORM
R KUPPAM AT THALIPARAMBA,CONDUCTIVITY
"R KUPPAM AT THALIPARAMBA, KERALA",CONDUCTIVITY
R KUTTIYADE AT KUTTIYADY ESTATE,FECAL COLIFORM
"R KUTTIYADE AT KUTTIYADY ESTATE, KERALA",FECAL COLIFORM
R KUTTIYADY AT  KUTTIYADY ESTATE,FECAL COLIFORM
"R MAHE AT VALAYAM, KERALA",FECAL COLIFORM
R MAMOM AT MAMOM BRIDGE,FECAL COLIFORM
R MANJESWAR AT BAJRAKKARA BR.,FECAL COLIFORM
R MOGRAL AT MOGRAL BR.,CONDUCTIVITY
R NEELASWARAM AT HOSDURG,CONDUCTIVITY
R NEELASWARAM AT NAMBIARKAL DAM,CONDUCTIVITY
R NEELESWARAM AT HOSDURG,CONDUCTIVITY
"R NEELESWARAM AT HOSDURG, KERALA",CONDUCTIVITY
R NEYYAR AT AMARAVILA,FECAL COLIFORM
"R NEYYAR AT AMARAVILA, KERALA",FECAL COLIFORM
R NEYYAR AT ARUVIPURAM,FECAL COLIFORM
R PALLICKAL AT NELLIMUKAL,FECAL COLIFORM
R PERIYAR AT KALAMASSERY,FECAL COLIFORM
R PERIYAR AT PURAPPALLIKAVU,CONDUCTIVITY
R PERUVAMBA AT CHANDAPPURA,FECAL COLIFORM
R PULLUR AT PULLUR BR.,FECAL COLIFORM
R PUZHACKAL AT PUZHACKAL BRIDGE,FECAL COLIFORM
R RAMAPURAM AT RAMAPURAM BRIDGE,CONDUCTIVITY
R SHRIYA AT ANGADIMOGARU,FECAL COLIFORM
R THALLASSERY AT PATHIPPALAM,FECAL COLIFORM
R THIRUR AT THALAKKADATHUR BRIDGE,CONDUCTIVITY
R UPPALA AT  UPPALA BR.,CONDUCTIVITY
RAMAPURAM AT RAMAPURAM BRIDGE,CONDUCTIVITY
"RILANG AT MAWKYRWAT, WEST KHASI HILLS",CONDUCTIVITY
RILANG RIVER,CONDUCTIVITY
"RILANG RIVER AT MAWKYRWAT, WEST KHASI HILLS",CONDUCTIVITY
RIVER ASSONORA AT ASSONORA,FECAL COLIFORM
"RIVER ASSONORA AT ASSONORA, GOA",FECAL COLIFORM
"RIVER BANDI AT HEMAWAS DAM, PALI, RAJASTHAN",CONDUCTIVITY
"RIVER BANJAR AT MALANJKHAND NEAR W/S INTAKE POINT, JABALPUR",CONDUCTIVITY
RIVER BHOGAVO D/S OF SURENDRANAGAR,CONDUCTIVITY
RIVER BHOGAVO D/S OF SURENDRANAGAR.,CONDUCTIVITY
RIVER BICHOLIM VARAZAN NAGAR,CONDUCTIVITY
"RIVER BICHOLIM VARAZAN NAGAR , BICHOLIM",FECAL COLIFORM
RIVER CHAPORA AT SIOLIM,FECAL COLIFORM
"RIVER CHAPORA NEAR ALORNA FORT ,PERNEM",FECAL COLIFORM
RIVER DHADAR AT KOTHADA,CONDUCTIVITY
RIVER DHADHAR AT KOTHWADA,CONDUCTIVITY
RIVER GHAGGAR AT D/S OF SURAJPUR,CONDUCTIVITY
"RIVER JAWAI AT JAWAI DAM, SIROHI, RAJASTHAN",CONDUCTIVITY
RIVER KALNA AT CHANDELNAN PERNEM,CONDUCTIVITY
"RIVER KALNA AT CHANDELNAN PERNEM, GOA",FECAL COLIFORM
"RIVER KARAMANA AT ARUVIKARA, THIRUVANANTHAPURAM",FECAL COLIFORM
RIVER KAVERI ON BRIDGE AT BILLIMORANANVALSAD ROAD,CONDUCTIVITY
"RIVER KERANDI(INTAKE WELL OF NALCO REFINARY, HAL, SUNABEDA)",FECAL COLIFORM
"RIVER KHANDEPAR AT CODLI NEAR BRIDGE ,U/S OPA WATERWORKS,SANGUEM",FECAL COLIFORM
RIVER KHANDEPAR AT OPA NAN PONDA,CONDUCTIVITY
"RIVER KHANDEPAR AT OPA NAN PONDA, GOA",FECAL COLIFORM
"RIVER KUSHAWATI NEAR BUND AT KEVONA,RIVON,SANGUEM",FECAL COLIFORM
"RIVER LUNI AT RANAKPUR DAM, RANAKPUR, PALI",CONDUCTIVITY
"RIVER LUNI AT RANAKPUR DAM, RANAKPUR, PALI, RAJASTHAN",CONDUCTIVITY
RIVER MADAI AT DABOS NAN  VALPOI,FECAL COLIFORM
"RIVER MADAI AT DABOS NAN  VALPOI, GOA",FECAL COLIFORM
RIVER MANDOVI AT AMONA BRIDGE,FECAL COLIFORM
RIVER MANDOVI AT IFFI JETTY,FECAL COLIFORM
RIVER MANDOVI NEAR HOTEL MARRIOT,FECAL COLIFORM
RIVER MAPUSA ON CULVERT ON HIGHWAY MAPUSANANPANAJI,FECAL COLIFORM
"RIVER MARKANDA AT PAONTA, DISTT. SIRMOUR",CONDUCTIVITY
"RIVER MARKANDA AT PAONTA, DISTT. SIRMOUR, H.P.",CONDUCTIVITY
RIVER PERIYAR AT MUPPATHADAM,FECAL COLIFORM
RIVER PERIYAR AT PATHALAM,CONDUCTIVITY
RIVER PURNA ON BRIDGE AT SURATNANNAVSARI HIGHWAY,FECAL COLIFORM
"RIVER SAL AT KHAREBAND, MARGAO",FECAL COLIFORM
"RIVER SAL AT ORLIM BRIDGE, ORLIM",FECAL COLIFORM
"RIVER SAL NEAR HOTEL LEELA MOBOR,CAVELOSSIM",FECAL COLIFORM
"RIVER SAL PAZORKHONI, CUNCOLIM (NEAR CULVERT MARGAONAN CANACONA NATIONAL HIGHWAY)",CONDUCTIVITY
"RIVER SAL PAZORKHONI,CUNCOLIM(NEAR CULVERT MARGAONAN CANACONA NATIONAL HIGHWAY)",FECAL COLIFORM
RIVER SINQUERIM (CANDOLIM SIDE NEAR BRIDGE),FECAL COLIFORM
RIVER SINQUERIM NEAR NERUL TEMPLE,FECAL COLIFORM
"RIVER SUKHANA AT PARWANOO, DISTT. SOLAN",CONDUCTIVITY
"RIVER SUKHANA AT PARWANOO, DISTT. SOLAN, H.P.",FECAL COLIFORM
RIVER TALPONA AT CANACONA,FECAL COLIFORM
"RIVER TALPONA AT CANACONA, GOA",FECAL COLIFORM
RIVER TIRACOL AT TIRACOL,FECAL COLIFORM
"RIVER VALAPATTANAM AT PARASSINIKADAVU, KANNUR",CONDUCTIVITY
"RIVER VALVANT AT SANKLI NAN BICHOLIM, GOA",FECAL COLIFORM
"RIVER VAMSHADHARA, KALINGAPATNAM,VIZIANAGARAM",CONDUCTIVITY
RIVER ZUARI AT BORIM BRIDGE,FECAL COLIFORM
RIVER ZUARI AT MARCAIM JETTY,FECAL COLIFORM
RUSHIKULYA AT GANJAM D/S,CONDUCTIVITY
"RUSHIKULYA AT GANJAM D/S, ",CONDUCTIVITY
"RUSHIKULYA AT GANJAM D/S, ODISHA",CONDUCTIVITY
"RUSHIKULYA AT GANJAM D/S, ORISSA",CONDUCTIVITY
RUSHIKULYA AT GANJAM U/S,FECAL COLIFORM
"RUSHIKULYA AT GANJAM U/S, ODISHA",FECAL COLIFORM
"RUSHIKULYA AT GANJAM U/S, ORISSA",FECAL COLIFORM
"SAL AT KHAREBAND, MARGAO",FECAL COLIFORM
"SAL AT ORLIM BRIDGE, ORLIM",FECAL COLIFORM
"SAL NEAR HOTEL LEELA MOBOR, CAVELOSSIM",CONDUCTIVITY
"SAL PAZORKHONI, CUNCOLIM (NEAR CULVERT MARGAONAN CANACONA NATIONAL HIGHWAY)",FECAL COLIFORM
"SAL PAZORKHONI, CUNCOLIM (NR CULVERT MARGAONAN CANACONA N.H.)",CONDUCTIVITY
"SAVITRI AT DADLI BRIDGE, DADLI, MAHAD, RAIGADH",CONDUCTIVITY
"SAVITRI AT MUTHAVALI VILLAGE, MAHAD, RAIGADH",CONDUCTIVITY
SAVITRI AT OVALE VILLAGE.,CONDUCTIVITY
"SAVITRI AT SHEDAV DOH,,RAIGAD",CONDUCTIVITY
"SAVITRI JACKWELL AT UPSA KENDRE, NANGALWADI, MAHAD, RAIGAD",CONDUCTIVITY
SAVITRI RIVER AT DADLI BRIDGE,CONDUCTIVITY
"SAVITRI RIVER AT DADLI BRIDGE, DADLI, MAHAD, RAIGADH",CONDUCTIVITY
"SAVITRI RIVER AT MUTHAVALI VILLAGE, MAHAD, RAIGADH",CONDUCTIVITY
SAVITRI RIVER AT OVALE VILLAGE.,CONDUCTIVITY
"SAVITRI RIVER AT SHEDAV DOH, MAHAD,RAIGAD",CONDUCTIVITY
"SAVITRI RIVER JACKWELL AT UPSA KENDRE, NANGALWADI, MAHAD, RAIGAD",CONDUCTIVITY
"SEKMAI R, KAKCHING (THOUBAL)",CONDUCTIVITY
"SEKMAI RIVER, KAKCHING (THOUBAL DIST.)",CONDUCTIVITY
SIMSANG RIVER WILLIAMNAGAR,FECAL COLIFORM
"SIMSANG RIVER WILLIAMNAGAR, MEGHALAYA",FECAL COLIFORM
"SINGDA DAM AT NAMBUL, IMPHAL WEST",CONDUCTIVITY
SUKHNA CHOE,CONDUCTIVITY
"SUKHNA CHOE, CHANDIGARH",CONDUCTIVITY
"SURYA AT INTAKE OF VASAINANVIRAR W/S SCHEME, MASVAN, PALGHAR",CONDUCTIVITY
"SURYA AT MIDC PUMPING STATION, GARVASHET, PALGHAR, THANE",CONDUCTIVITY
"SURYA AT MIDC PUMPING STN, GARVASHET, PALGHAR, THANE",CONDUCTIVITY
"SURYA RIVER AT INTAKE OF VASAINANVIRAR W/S SCHEME, MASVAN, PALGHAR, THANE",CONDUCTIVITY
"SURYA RIVER AT MIDC PUMPING STATION, GARVASHET, PALGHAR, THANE",CONDUCTIVITY
"SURYA RIVER AT MIDC PUMPING STN, GARVASHET, PALGHAR, THANE",CONDUCTIVITY
"SURYA RIVER, U/S OF SURYA DAM, DHAMMI, VIKRAMGAD, THANE",CONDUCTIVITY
"SURYA U/S OF SURYA DAM, DHAMMI, VIKRAMGAD, THANE",CONDUCTIVITY
TALPONA AT CANACONA,CONDUCTIVITY
TAMBIRAPARANI AT ARUMUGANERI,CONDUCTIVITY
"TAMBIRAPARANI AT ARUMUGANERI, TAMILNADU",CONDUCTIVITY
TAMBIRAPARANI AT BDG.NR. MADURA COATS LTD. PAPAVINASAM,CONDUCTIVITY
"TAMBIRAPARANI AT BDG.NR. MADURA COATS LTD.PAPAVINASAM,TAMILNADU",CONDUCTIVITY
"TAMBIRAPARANI AT CHERANMADEVI,CAUSE WAY",CONDUCTIVITY
"TAMBIRAPARANI AT CHERANMADEVI,CAUSE WAY,TAMILNADU",CONDUCTIVITY
"TAMBIRAPARANI AT ERAL, THOTHUKUDI",CONDUCTIVITY
"TAMBIRAPARANI AT ERAL, THOTHUKUDI, TAMILNADU",CONDUCTIVITY
"TAMBIRAPARANI AT KALLIDAI KURICHI, TIRUNELVELI",CONDUCTIVITY
"TAMBIRAPARANI AT KALLIDAI KURICHI, TIRUNELVELI, TAMILNADU",CONDUCTIVITY
TAMBIRAPARANI AT MURAPPANADU,CONDUCTIVITY
"TAMBIRAPARANI AT MURAPPANADU, TAMILNADU",CONDUCTIVITY
"TAMBIRAPARANI AT PAPAVINASAM,TAMILNADU",FECAL COLIFORM
TAMBIRAPARANI AT PAPPANKULAM,CONDUCTIVITY
"TAMBIRAPARANI AT PAPPANKULAM,TAMILNADU",CONDUCTIVITY
TAMBIRAPARANI AT RAIL BDG. ,CONDUCTIVITY
TAMBIRAPARANI AT RAIL BDG. NR. AMBASAMUDAM,FECAL COLIFORM
"TAMBIRAPARANI AT RAIL BDG. NR. AMBASAMUDAM, TAMILNADU",CONDUCTIVITY
"TAMBIRAPARANI AT SIVALAPERI, CONFLUENCE POINT OF KUTTRALAM FALLS, D/S OF PALAYAMKOTTAI, TIRUNELVELI",CONDUCTIVITY
"TAMBIRAPARANI AT SIVALAPERI, CONFLUENCE POINT OF KUTTRALAM FALLS, D/S OF PALAYAMKOTTAI, TIRUNELVELI, TAMILNADU",CONDUCTIVITY
"TAMBIRAPARANI AT SRIVAIKUNTAM, D/S OF SK ANAICUT, TIRUNELVELI",CONDUCTIVITY
"TAMBIRAPARANI AT SRIVAIKUNTAM, D/S OF SK ANAICUT, TIRUNELVELI, TAMILNADU",CONDUCTIVITY
"TAMBIRAPARANI AT TIRUNELVELI, COLLECTORATE.",FECAL COLIFORM
"TAMBIRAPARANI AT TIRUNELVELI,COLLECTORATE",CONDUCTIVITY
"TAMBIRAPARANI AT TIRUNELVELI,COLLECTORATE,    TAMILNADU.",PH
"TAMBIRAPARANI AT TIRUNELVELI,COLLECTORATE,TAMILNADU.",CONDUCTIVITY
"TAMBIRAPARANI AT VELLAKOIL, TIRUNELVELI",CONDUCTIVITY
"TAMBIRAPARANI AT VELLAKOIL, TIRUNELVELI, TAMILNADU",CONDUCTIVITY
"TANSA NEAR ROAD BDG, VILL DAKEWALI, WADA, THANE",CONDUCTIVITY
"TANSA RIVER NEAR ROAD BRIDGE, VILLAGE DAKEWALI, WADA, THANE",CONDUCTIVITY
THALIPARAMBA,CONDUCTIVITY
"THALIPARAMBA, KERALA",CONDUCTIVITY
THALLASSERY AT PATHIPPALAM,FECAL COLIFORM
THIRUR AT THALAKKADATHUR BDG,CONDUCTIVITY
THIRURANGADY,FECAL COLIFORM
"THIRURANGADY, KERALA",FECAL COLIFORM
"THOUBAL  AT SHONG KONG, UKHRUL",CONDUCTIVITY
"THOUBAL  AT YONGUL KONG, UKHRUL",CONDUCTIVITY
"THOUBAL AT LITAN, UKHRUL",CONDUCTIVITY
"THOUBAL R AT PHADOM, THOUBAL",CONDUCTIVITY
THOUBAL RIVER AT LITAN (UKL DIST.),CONDUCTIVITY
"THOUBAL RIVER AT MAPITHEL DAM, DISTT. THOUBAL, MANIPUR",CONDUCTIVITY
"THOUBAL RIVER AT PHADOM, DISTT. THOUBAL, MANIPUR",CONDUCTIVITY
"THOUBAL RIVER AT SONGKHONG, (UKL DIST.)",CONDUCTIVITY
"THOUBAL RIVER AT YAIRIPOK, DISTT. THOUBAL, MANIPUR",CONDUCTIVITY
"THOUBAL RIVER AT YAIRIPOK, THOUBAL",CONDUCTIVITY
TLAWNG DOWNSTREAM AIZAWL,CONDUCTIVITY
"TLAWNG DOWNSTREAM AIZAWL, MIZORAM",CONDUCTIVITY
TLAWNG UPSTREAM AIZAWL,CONDUCTIVITY
"TLAWNG UPSTREAM AIZAWL, MIZORAM",CONDUCTIVITY
TRIVENI SANGAM,CONDUCTIVITY
"TRIVENI SANGAM, NR. SOMNATH TEMPLE, VERAVAL, DIST. JUNAGADH.",CONDUCTIVITY
TUIRIAL LOWER CATCHMENT,CONDUCTIVITY
"TUIRIAL LOWER CATCHMENT, MIZORAM",CONDUCTIVITY
TUIRIAL UPPER CATCHMENT,CONDUCTIVITY
"TUIRIAL UPPER CATCHMENT, MIZORAM",CONDUCTIVITY
"U/S DHAKANSU NALLAH, PUNJAB",FECAL COLIFORM
"U/S JHARMAL NADI, PUNJAB",FECAL COLIFORM
"U/S OF KARAKAVAGU AT PALONCHA,  KHAMMAM",CONDUCTIVITY
"U/S OF KARAKAVAGU AT PALONCHA,  KHAMMAM, A.P.",CONDUCTIVITY
"U/S SARDULGARH, PUNJAB",FECAL COLIFORM
ULHAS AT U/S OF BADLAPUR,CONDUCTIVITY
"ULHAS AT U/S OF BADLAPUR, MAHARASHTRA",CONDUCTIVITY
ULHAS AT U/S OF NRC BUND AT MOHANE,FECAL COLIFORM
"ULHAS AT U/S OF NRC BUND AT MOHANE, MAHARASHTRA",FECAL COLIFORM
"ULHAS AT U/S OF NRC BUND AT MOHANE,MAHARASHTRA",PH
ULHAS ATJAMBHUL WATER WORKS,CONDUCTIVITY
ULHAS ATJAMBHUL WATER WORKS.,CONDUCTIVITY
ULHAS RIVER ATJAMBHUL WATER WORKS.,CONDUCTIVITY
"UMIAM MAWPHLANG RIVER AT MAWPHLANG, EAST KHASI HILLS",CONDUCTIVITY
"UMIAM MAWPHLANG RIVER AT NONGKREM, EAST KHASI HILLS",CONDUCTIVITY
"UMIAM MAWPHLANG RIVER AT SHELLA, EAST KHASI HILLS",CONDUCTIVITY
"UMIAM MAWPHLANG RIVER AT UMTYNGNGAR, EAST KHASI HILLS",CONDUCTIVITY
"UMKHEN AT DIENGPASOH, EAST KHASI HILLS",CONDUCTIVITY
UMKHEN AT KSEHPONGDENG,CONDUCTIVITY
UMKHEN AT WAHKDAIT,CONDUCTIVITY
"UMKHEN RIVER AT DIENGPASOH, EAST KHASI HILLS",CONDUCTIVITY
"UMKHRAH RIVER AT DEMTHRING, SHILLONG",FECAL COLIFORM
"UMKHRAH RIVER AT MAWPDANG, MAWLAI",FECAL COLIFORM
"UMKHRAH RIVER ATMAWLAI, SLAUGHTER",FECAL COLIFORM
"UMKHRAH RIVER ATUMKALIAR, SHILLONG",FECAL COLIFORM
"UMNGOT RIVER AT DAWKI, EAST KHASI HILLS",CONDUCTIVITY
"UMNGOT RIVER AT SMIT, EAST KHASI HILLS",CONDUCTIVITY
"UMSHYRPI  AT LAW COLLEGE, DHANKETI, EAST KHASI HILLS",FECAL COLIFORM
"UMSHYRPI AT RISA COLONY, EAST KHASI HILLS",CONDUCTIVITY
"UMSHYRPI AT UMSHYRPI BDG, EAST KHASI HILLS",FECAL COLIFORM
"UMSHYRPI RIVER AT LAW COLLEGE, DHANKETI, EAST KHASI HILLS",FECAL COLIFORM
"UMSHYRPI RIVER AT RISA COLONY, EAST KHASI HILLS",FECAL COLIFORM
"UMSHYRPI RIVER AT UMSHYRPI BRIDGE, EAST KHASI HILLS",FECAL COLIFORM
UMTREW AT BYRNIHAT EAST,FECAL COLIFORM
"UMTREW AT BYRNIHAT EAST, MEGHALAYA",FECAL COLIFORM
"UMTREW RIVER AT UMRAN, RINAN BHOI",CONDUCTIVITY
"UPSTREAM OF RIVER VISHWAMITRI AT ASOD BRIDGE AT N.H. 8 , NEAR GLDEN CHOKDI, ASOD VEMALI ROAD",CONDUCTIVITY
"VAITARNA NEAR ROAD BRIDGE, GANDHARE VILLAGE, WADA, THANE",CONDUCTIVITY
"VAITARNA NR RD BDG, GANDHARE VILL., WADA, THANE",CONDUCTIVITY
"VAITARNA NR RD BDG, GANDHARE VILLAGE, WADA, THANE.",CONDUCTIVITY
"VAITARNA RIVER NEAR ROAD BRIDGE, GANDHARE VILLAGE, WADA, THANE.",CONDUCTIVITY
VALAYAM,FECAL COLIFORM
"VALAYAM, KERALA",FECAL COLIFORM
"VALAYUM, KERALA",PH
VALVANT AT SANKLI NAN BICHOLIM,FECAL COLIFORM
"VALVANT AT SANKLI NAN BICHOLIM, GOA",CONDUCTIVITY
VALVANT AT SANKLINANBICHOLIM,CONDUCTIVITY
VAMANAPURAM,FECAL COLIFORM
"VAMANAPURAM, KERALA",FECAL COLIFORM
"VAMSHADHARA, KALINGAPATNAM, VIZIANAGARAM",CONDUCTIVITY
VANSADHARA AT GUNUPUR (INTERSTATE BOUNDRY),FECAL COLIFORM
VANSADHARA AT MUNIGUDA (D/S OF M/S VEDANTAALUMINA PROJECT),FECAL COLIFORM
VANSADHARA ATGUNUPUR (INTERSTATE BOUNDRY),FECAL COLIFORM
"VASHISHTI  AT D/S OF THREE M PAPER MILLS NR CHIPLUN WATER INTAKE JACKWELL,KHERDI,RATNAGIRI",CONDUCTIVITY
"VASHISHTI AT D/S OF THREE M PAPER MILLS NR CHIPLUN WATER INTAKE JACKWELL, KHERDI, RATNAGIRI",CONDUCTIVITY
"VASHISHTI AT U/S OF POPHALI NEAR KONPHANSAWANE BRIDGE, CHIPLUN, RATNAGIRI",CONDUCTIVITY
"VASHISHTI RIVER AT D/S OF THREE M PAPER MILLS NEAR CHIPLUN WATER INTAKE JACKWELL, KHERDI, RATNAGIRI",CONDUCTIVITY
"VASHISHTI RIVER AT U/S OF POPHALI NEAR KONPHANSAWANE BRIDGE, CHIPLUN, RATNAGIRI",CONDUCTIVITY
"VASHISTI AT D/S OF THREE M PAPER MILLS NEAR CHIPLUN WATER INTAKE JACKWELL AT KHERDI, RATNAGIRI. ",CONDUCTIVITY
VASHISTI AT U/S OF POPHALI NR KONPHANSAWANE BRIDGE,CONDUCTIVITY
VASHISTI AT U/S OF THREE M PAPER MILLS NEAR M/S MULTIFILMS PLASTIC PVT. LTD. AT KHERDI.,CONDUCTIVITY
VASHISTI RIVER AT U/S OF THREE M PAPER MILLS NEAR M/S MULTIFILMS PLASTIC PVT. LTD. AT KHERDI.,CONDUCTIVITY
"VASISTA AT SALEM, D/S OF SAGO INDUSRIES EFFLUENT",FECAL COLIFORM
"VASISTA AT SALEM, D/S OF SAGO INDUSRIES EFFLUENT, TAMILNADU",FECAL COLIFORM
WAH BLEI,CONDUCTIVITY
"WAH BLEI AT RIANGDO, WEST KHASI HILLS",CONDUCTIVITY
"WAH BLEI AT SHDADDKHAR, WEST KHASI HILLS",CONDUCTIVITY
"WANGJING AT HEIROK, THOUBAL",CONDUCTIVITY
"WANGJING RIVER AT HEIROK, DISTT. THOUBAL, MANIPUR",CONDUCTIVITY
"WANGJING RIVER AT WANGJING, DISTT. THOUBAL, MANIPUR",CONDUCTIVITY
"WANGJING RIVER AT WANGJING, THOUBAL",CONDUCTIVITY
ZUARI AT D/S OF PT. WHERE KUMBARJRIA CANAL JOINS,CONDUCTIVITY
"ZUARI AT D/S OF PT. WHERE KUMBARJRIA CANAL JOINS, GOA",FECAL COLIFORM
ZUARI AT PANCHAWADI,FECAL COLIFORM
